article;produits;etat de stock (en stock 100 ou rupture de stock 0)
1;OEUFS;0
1017;Thon Sidi Ali à l’huile végétale140 g;0
1019;Thon Sidi Maâwya à l’huile végétale 140 g;0
1024;Thon La Goulette 400 g (HO);0
1027;Sardine Le Grand Bleu HV 110 g;100
1055;Haricots rouges Mami 380 g;100
1060;Haricots blancs Mami Garden 400 g;100
1064;HUILE VEGETALE 0.9L SAFI CHEF;100
1068;Safi huile de ma•s 0.9L;100
1102;NescafŽ Doypack 55G;100
1102;NescafŽ Doypack 55G;100
1114;NESCAFE CLASSIC 45G;100
1178;COCA COLA 0.5L;100
1208;Mayonnaise Jadida 240ml;100
1214;Bonna Ketchup 270ml;100
1244;Spaghetti 1 Randa 500G;100
1254;Escargot 2 Randa 500G;100
1276;Mhamms fin Randa 500G;100
1280;Chorba millet 500G Randa;100
1333;AKAJOU 1KG AL BARAKA;100
1335;LOUZ HLOU 1KG AL BARAKA;100
1344;Eau Dima 2L STIKA;100
1345;Eau DIMA 1.5L STIKA;100
1348;Eau SAFIA 1.5L STIKA;100
1350;Meliti 0.5 STIKA;100
1350;Meliti 0.5 STIKA;100
1379;POMME;100
1380;RAISIN;100
1381;PRUNE ROUGE;100
1382;PECHE PLATE;100
1383;ABRICOT;100
1384;PECHE ROYAL;100
1385;PIMENT VERT DOUX;100
1386;POMME DE TERRE;100
1387;TOMATES;100
1388;ONION;100
1389;COURGETTE;100
1390;CONCOMBRE;100
1391;AUBERGINE;100
1392;CITRON;100
1393;AIL;100
1396;PIMENT FORT;100
1397;PIMENT MESKI;100
1398;BASILIC;100
1399;RAISIN ROUGE;100
1400;CITROUILLE;100
1401;TOMATES CERISES;100
1402;KARMOUS;100
1404;GRENADE;100
1405;DATES;100
1407;THOMSON;100
1408;CAROTE;100
1409;MADALINA CHINWA;100
1410;BANANE;100
2003;Lait concentrŽ Vanoise 395GR;100
2005;CHOCO POUDRE SAID 200G;100
2006;CHOCO POUDRE SAID 100G;100
2007;CHICOREE BRAVA DOSETTES;100
2008;NASCAFE CLASSIC 1.8G;100
2011;Thon La Goulette 160 g (HO);100
2013;Ma•s Bonduelle 140 g;100
2014;Thon Rayes Labhar ˆ lÕhuile vŽgŽtale 130 g;100
2023;Chorba 2 500GR Warda;100
2025;Semoule fine Randa 1KG;100
2030;Amidon de ma•s Vanoise 150G;100
2031;Masfouf Randa 1KG;100
2034;Chorba fric 250GR Friga;100
2035;Couscous moyen 1KG;100
2037;Spaghetti 3 Randa 500G;100
2041;Sucre en morceaux;100
2052;SMILE ROUGE CHOCOLAT;100
2053;TUC CLASSIQUE;100
2054;SMILE VERT NOISETTE 190GR;100
2055;BISCUIT STAR 60G;100
2056;TUC POCKET 32G;100
2057;BISCUIT START CEREALS LAIT 250G;100
2058;Bicarbonate de soude 20g;100
2059;MAJOR LAIT 175GR;100
2060;MAJOR FRAISE 175GR;100
2062;MAJOR CARAMEL 175GR;100
2063;MAJOR CHOCOLAT;100
2065;SABLITO CHOCOLAT;100
2066;SABLITO ABRICOT 128G;100
2068;SABLITO TOUT CHOCO 128G;100
2073;TROPICO BOISSON GAZEUSE 0.5 L;100
2083;HAPPY FULL CHENILLE WORMS 70 GR;100
2086;GAUFRETTES LOOPI GOUT CHOCOLAT;100
2087;SMILE CHOCOLAT AU LAIT 190G;100
2090;GAUFRETTE NOISETTE TOM;100
2091;GAUFRETTE TOM 16 VANILLE;100
2095;GAUFRETTE TOM 16 FRAISE;100
2096;GAUFRETTES NOISETTES LINGOT 100G;100
2098;GAUFRETTES FRAISE LINGOT 100G;100
2100;HAPPY FULL FRUITS 70G;100
2102;HAPPY FULL ANNEAUX 70GR;100
2104;BISCUIT PTIT MATIN CACAO PEPITES CHOCOLAT 115G LBM;100
2114;PRINCE CREME VANILLE 60GR;100
2116;BISCUIT PRINCE;100
2117;OXO BLACK 140G SAIDA;100
2118;COOKIES PEPITES DE CHOCOLAT SAIDA;100
2122;CROUSTINA AU LAIT;100
2123;CROUSTINA CACAO VANILLE 100GR;100
2128;BOGA CITRON 1 L;100
2130;SCHWEPPES TONIC 1L;100
2133;BOGA CITRON 50CL;100
2134;JUS OH BERRIES 25CL;100
2135;RAOUA 1.5L;100
2136;APLA 1.5 L;100
2137;BOGA CITRON 1.5L;100
2138;BOGA CIDRE 1.5L;100
2142;OH NECT POIRE TETRA 1L SNBG;100
2145;SAID TRIS NOISETTES;100
2147;GRAIN D OR MIEL 300GR;100
2155;BONBON FOURRE CHAMIA 1 KG PAPILLON;100
2156;BB REGLISSE 1KG;100
2157;SUCETTE MAXI BUM;100
2158;OH BANANE ORANGE PRISMA 25 CL SNBG;100
2161;SABLITO FIGUE 128G;100
2162;BOGA CIDRE 24 CL SFBT;100
2163;CANETTE FANTA 24 CL;100
2173;TROPICO 1L BOISSON;100
2176;TARTE FIGUE SAIDA;100
2178;GAUCHO BROWNIE;100
2179;CAKE PLUM SAIDA;100
2183;BREAK VANILLE;100
2185;X-PLOSE TRIPLE CHOCOLAT;100
2189;DONUTS CACAO MOULIN D OR;100
2190;MOON CAKE;100
2194;CREME A TARTINER SAID 180 GR;100
2198;CREME A TARTINER AUX NOISETTES NOUTY 150G;100
2201;PATE A GLACER NOIR 1KG SAID;100
2202;CREME A TARTINER AUX NOISETTES SAID 500G;100
2203;COOKIES AUX PEPITES BLANC 90G LBM;100
2205;BI-CREMES MANDARINE CITRON SAIDA;100
2206;BI-CREMES TOFFEE NOIX DE COCO SAIDA;100
2208;ROCKY GOUT LAIT;100
2210;VIVA CIDRE 24CL;100
2211;G.O.MIEL PRST 35GR CC10/12 NESTLE;100
2213;CRISPONUTS AUX NOISETTES;100
2214;LOVE D'OR MOULIN D'OR;100
2216;OH BERRIES 1L;100
2219;BOISSON AU JUS D ORANGE STIL 1L;100
2220;JUS COCKTAIL STIL 1L;100
2224;BISCUIT CHOCO TOM FRAISE;100
2225;CHOCO TOM CHOCOLAT 35GR;100
2226;CROUSTINA CACAO VANILLE 33GR;100
2230;CROUSTINA CAPPUCCINO PM;100
2231;CROUSTINA CHOCO GM;100
2232;CROUSTINA AU LAIT;100
2233;JUS MANGUE STIL 20CL;100
2234;CROSTATINI FIGUE 60 GR;100
2237;NADHIF HS SDM 300GR;100
2239;CREME A TARTINER NOISETES NOUTY 1KG;100
2241;CANETTE SCHWEPPES TONIC 24 CL;100
2245;FIORI NOUGAT 36GR;100
2246;TIGATO FRAISE 125G;100
2254;MAESTRO 100 GR AMANDE;100
2257;BREAK 4;100
2259;MUFFINS TEKTO CHOC LA MADELEINE VRAC;100
2260;LA MADELEINE ALASKA CHOCO;100
2261;BINTO 150GR CC20 KIF;100
2262;D.CROC CHOCOLAT 110GR;100
2263;KIF D CROC CITRON;100
2264;BISCUIT FOURRE 130G;100
2265;GEL CIRE RAYHANE 15G;100
2266;Chamia La Gazelle nature 350G bo”te;100
2267;Chamia La Gazelle aux amandes 350G bo”te;100
2268;BLEU GILLETTE 3 COMFORT;100
2269;BIC 1 ORANGE;100
2270;JUS COCKTAIL STIL 20CL;100
2272;JUGO KIDS 125ML;100
2273;RINGO POCKET 35GR TOM;100
2274;GAUFRETTE CHOCOLAT SAIDA;100
2275;GAUFRETTE NOISETTE 100G;100
2279;MOUFFINS MIXTE CHOCO VANILLE LA MADELEINE VRAC;100
2283;BISCUIT SAIDA 24 PCS;100
2284;Riz ŽtuvŽ tha•landais;100
2286;BREAK CHOCOLAT;100
2292;JUS MANGUE STIL 1L;100
2293;JUS OH MANGUE 1L;100
2294;KAKI THE KING 18GR;100
2298;MAESTRO GRUNCHI Z;100
2302;EAU MELLITI 0.5L -CC12;100
2303;EAU MIN SAFIA 1.5L-SOSTEM-;100
2306;DIMA 1.5L;100
2309;BEBE LILAS CONFORT 9-18KG-N4;100
2310;BEBE LILAS CONFORT 15-25KG-N5;100
2315;BEBE LPD CONFORT IH T6 +16KG;100
2317;BEBE LPD CONFORT IH T3 5-10KG;100
2319;BEBE LPD CONFORT IH T5 15-25KG;100
2320;BEBE LPD CONFORT IH T2 3-6;100
2321;GEL MACHINE LILAS ENZYMA X 2.5L;100
2322;BALAI TOSCANA SOFPINCE;100
2324;BALAI CONCORD BSP;100
2325;BATS NEVA RD 150 cc90;100
2326;SANI BRILLE MEUBLE BOMBE PM;100
2327;COLGATE TRIPLE ACTION 75ML;100
2328;COLGATE MAXFRESH COOL 75ML BLEU;100
2329;PASCO SUPER GLUE;100
2337;SHAMP SYOSS PURE 500ML;100
2338;TRAITEMENT RAYHANE CITRON 250ML;100
2339;ELEGANCE 100ML ROSE;100
2340;ELEGANCE 100ML BLEU;100
2342;ELEGANCE 100ML GRIS;100
2344;FEUILLE D'ALUMINIUM 5M;100
2345;DIMAFRAIS 8M;100
2348;SHAMPOOING LILAS EXTREME HUILE CITRONNELLE 350ML;100
2350;SHAMPOOING LILAS EXTREME HUILE D'ARGAN 350ML;100
2357;AXE DEOD SPRAY EXCITE 150ML;100
2361;PLEIN AIR CITRON BOMBE 300ML;100
2362;AIR FRESH WHITE ROSE;100
2369;AIR FRESH FLEURS DE LYS;100
2371;AIR FRESH TROPICAL;100
2376;LILAS GEL LAVANT GRENADINE;100
2377;LILAS GEL LAVANT FLORAL;100
2378;LILAS GEL LAVANT PECHE;100
2380;LILAS GEL DOUCHE FRUITE;100
2381;LILAS GEL DOUCHE NOIX DE COCO 500ML;100
2383;LILAS GEL DOUCHE CITRON VERVEINE;100
2384;GHASSEL CITRON DETER LIQ 5L;100
2386;FAWEH BIDON 5L JMAL;100
2387;FAWEH BLANC 1L RECTANGULAIRE JMAL;100
2388;ALYS LIQ DETEREGENT 1L;100
2390;FINESSE LESSIVE MAIN 2 L JMAL;100
2391;BAD COLGATE DOUBLE ACTION;100
2394;SAVON DE BEAUTE GOLDEX COOL 100GR;100
2405;BROSSE FENETRE SOFPINCE;100
2406;CAROLIN SOL PARQUETS MODERNES;100
2407;CAROLIN SOL SAVON NOIR;100
2408;CAROLIN PISTOLET MULTI-SURFACES;100
2410;CAROLIN PISTOLET MULTI-SURFACES AU BICARBONATE;100
2412;SAVON DETTOL SKINCARE;100
2413;SAVON DETTOL RE-ENERGIZE;100
2415;VANICH LIQUIDE 450 ML;100
2416;VANISH OXI ACTION MAX 500GR;100
2417;FINISH CLASSIC 40 PASTILLES;100
2420;PRIL 580ML LEMON;100
2424;SIGNAL 2 ANTI-CARIES 25ML;100
2426;NADHIF SM REG NEW 1KG;100
2427;NADHIF HS DC REG NEW 1KG;100
2431;DIPTOX GM 500ML;100
2432;DIPTOX PM 300ML;100
2435;ESSUIE-TOUT LILAS ULTRA DOUX 2+1;100
2441;SHAMP SUNSILK ANTI PELL BLEU 380ML;100
2444;SHAMP SUNSILK FORCE ET BRILLANCE 380ML;100
2445;SHAM SUNSILK 2EN1 NOIRS 180ML(noir);100
2452;SHAMP SOUPL POMME&RAISIN 350ML;100
2465;JUDY FLEURS ROSE 1L;100
2466;JUDY FLEURS JASMIN 1L;100
2467;JUDY FLEURS 1L FELL;100
2471;JUDY NETTOYANT CITRON 3 L;100
2473;DEGRAISSANT JUDY 450ML;100
2477;CHOC WC 500GR;100
2478;CHOC DEBOUCHEUR 300GR;100
2481;JUDY SOL ET SURFACES 800ML CITRON;100
2482;JUDY SOL ET SURFACES 800ML SAVON;100
2486;LINGETTE 72 AVEC LID LILAS;100
2487;DIST LINGETTES ANTIBACTERIENNE 15 PC;100
2488;LINGETTES KIDS 12P;100
2490;MONCHE BALAIS 1.2M;100
2495;CLIP POCKET M.AERE SUPER 9;100
2496;NANA MAXI CLIP SL SUP 9;100
2497;NANA EXTRA NUIT 8;100
2500;LILAS DEODORANT TROPICAL;100
2501;LILAS DEODORANT SENSITIVE;100
2502;LILAS SHAMPOOING NUTRITION INTENSE;100
2503;LILAS SHAMPOOING MENTHE;100
2504;LILAS SHAMPOOING HUILE AVOCAT;100
2505;LILAS SHAMPOOING PIROCTONE OLAMINE;100
2508;JAVEL LILAS CLASSIC 4.75L;100
2510;DABUR MISWAK DENTIFRICE 120GR+50G;100
2511;DABUR MISWAK DENTIFRICE HERBAL 50+25 GR;100
2517;MENTOS GUM STRAWBERRY;100
2519;KINDER SCHOKO BONS 125GR;100
2520;MENTOS GUM RED FRUIT 12PCS;100
2524;BISCUIT BUENO CHOCOLAT NOISETTE;100
2528;NUTELLA 600GR;100
2531;FERRERO 16;100
2532;MENTOS GUM WHITE TUTTI FRUTTI;100
2534;MENTOS GUM WHITE SWEET MINT;100
2535;MENTHOS WHITE SWEET MINT;100
2537;MENTHOS WHITE PEPPERMINT;100
2541;CHUPA CHYPS 10.5G;100
2542;CHUPA CHYPS BONBONS;100
2543;MENTHOS GUM 3D STRAWBERRY;100
2544;MENTHOS GUM 3D WATERMELON;100
2545;MENTHOS GUM 3D FRESH MINT;100
2546;Heinz Ketchup 195gr;100
2548;MELODY FRAISE;100
2550;HARIBO SODA PARTY;100
2551;HARIBO GOLD BEARS 80GR;100
2553;HARIBO WORMS;100
2556;HARIBO TEETH;100
2557;HARIBO HAPPY CHERRIES;100
2562;RAFFAELLO 30G;100
2568;CAFE MAXWELL HOUSE 190GR;100
2571;CAPSULE L'OR SUPREMO 10;100
2573;CAPSULE NESPRSSO L'OR RISTRETTO 11;100
2578;CONFITURE DE FRAMBOISE 380G HALWANI BROS;100
2579;Confiture de figue Halawani Bros 380G;100
2591;Kellogg's Jumbos;100
2591;Kellogg's Jumbos;100
2593;Kellogg's Chocos;100
2595;GEL MACHINE LILAS F.I. 2.5L;100
2596;BISCUIT PTIT MATIN AU CEREALE COMPLET;100
2597;CAFE PURE TURC 125GR 1KG;100
2598;Couscous fin Darna;100
2599;BISCUIT CHOCO TOM CHOCOLAT;100
2600;BISCUIT CHOCO TOM FRAISE;100
2602;PALET POCHON AUX PEPITES 48 G SAIDA;100
2603;ROCKY CHOCOLAT 25GR;100
2605;PALET POCHON AU BEURRE NATURE 48 G SAIDA;100
2606;DHAWAKA POIVRE NOIR 50GR;100
2607;DHAWAKA CUMIN 50GR;100
2608;DHAWAKA TABEL 50GR;100
2609;DHAWAKA KARWEYA 50GR;100
2610;DHAWAKA PIMENT FORT 100GR;100
2611;PIMENT DOUX 100GR;100
2612;DHAWAKA RASS HANOUT 100GR;100
2613;DHAWAKA CORETE MALLOW 100GR;100
2614;DHAWAKA POIS CHICHE 500GR;100
2615;DHAWAKA HARICOT 500GR;100
2616;DHAWAKA FEVETTE;100
2618;DHAWAKA POIS CHICHE MOULU 500GR;100
2619;DHAWAKA CHORBA FRIC 250GR;100
2620;DHAWAKA SUCRE GLACE;100
2625;ARFAOUI VARIANTES PIMENT ROUGE;100
2626;ARFAOUI VARIANTES;100
2627;ARFAOUI VARIANTES COCKTAIL;100
2629;BEEF STOK 2 CUBES KENT;100
2631;DHAWAKA CURCUMA;100
2632;DHAWAKA EPICES VOLAILLES;100
2634;DHAWAKA BASILIC;100
2635;DHAWAKA MENTHE;100
2637;DHAWAKA THYM;100
2638;DHAWAKA ROMARIN;100
2642;LEVURE SECHE INST 10GR VANOISE;100
2643;Levure p‰tissire Vanoise;100
2645;Cacao en poudre Vanoise 7GR;100
2646;Cacao en poudre Vanoise 150GR;100
2647;Sucre glace Vanoise;100
2655;CAKE MARBRE VANOISE DE 340GR;100
2657;CAKE AU CHOCOLAT VANOISE;100
2662;CAKE DROO VANOISE;100
2664;CREME NOISETTE 40G;100
2667;CREME DESSERT COUT CAFE;100
2672;DORITOS FLAMIN'HOT CHIPS 43G;100
2674;LAY'S WITH CHEESE FLAVOR;100
2675;LAY'S WITH CHEESE ONION FLAVOR;100
2680;CHIPS LAYS SEL 80GR;100
2681;LAYS CHILI ET LEMON 80GR;100
2682;PETIT POIS SAVEURS 1/2;100
2683;Haricots verts Saveurs 1/2;100
2684;PETITS POIS ET CAROTTE SAVEURS 1/2;100
2685;Haricots blancs Saveurs 400 g;100
2691;SAVON VERT ROYAL 100GR;100
2692;SAVON VERT ROYAL 375GR;100
2693;JUDY LINGE 1L AUTOMATIQUE;100
2697;BOITE FACIAL KOTIS 100P ROUGE;100
2698;LILAS GEL MACHINE COQUELICOT 2.5L;100
2699;LILAS GEL MACHINE ORCHIDEE 2.5L;100
2701;COTTON NORMAL 100GR;100
2703;VEET CREAM SENSITIVE 100 ML;100
2707;FELCE AZZURA DOUCHE ET BAIN COCO 650ML;100
2711;SPONTEX;100
2712;OEUFS BOITE DE 15 J.O EL MAZRAA;100
2715;JUDY NETTOYANT POMME 1.5L;100
2716;JUDY NETTOYANT CITRON 1.5 L;100
2718;JUDY NETTOYANT FORCE OCEANE 1.5 L;100
2720;HUILE D'OLIVE MAISON 250 ML;100
2721;CAKE VANILLE VANOISE;100
2722;CREME PATISSIERE SACHET PISTACHE VANOISE;100
2723;CREME DESSERT BANANE VANOISE 40G;100
2725;CREME DESSERT CARAMEL VANOISE 40G;100
2727;LILAS NET 1PCS;100
2759;CARRE PRESIDENT 8 PC;100
2761;SALAMI EL MAZRAA;100
2765;RAOUA LIME GRENADINE 1L;100
2766;LINGETTE 72 CONFORT MAX AVEC LID LILAS;100
2767;KATPAT CHAHIA;100
2770;MISWAK SOIN COMPLET LILAS 75ML;100
2775;PRESIDENT BURGER 5T;100
2776;PRESIDENT CROQUE 10T;100
2778;EAU GAZIFIER GARCI 1L;100
2779;SUPER CAR;100
2782;BARQUETTE FRAIDOUX 120GR IAT;100
2786;TOAST SANS SEL 240G;100
2787;FINESSE LESSIVE MAIN 1L JMAL;100
2788;JAVEL JUDY 1.5 L;100
2789;PAPIER SERV TABLE LILAS 40*40 PREMIUM;100
2790;CLIP POCKET M.AERE 8 NUIT;100
2791;JEX METAL;100
2793;JEX CARRE;100
2802;CARRE PRESIDENT 12 PORTIONS;100
2805;CARRE PRESIDENT 24 PORTIONS;100
2808;SACS POUBELLE MF 50X65;100
2819;JAVEL JUDY CITRON 1.5L;100
2822;JAVEL JUDY PARFUME 1.5L FLEURS;100
2823;PELLE A POUSSIERE VENISIA;100
2824;COUCHE MOLFIX 7-18KG-N4;100
2851;DANETTE VANILLE 95GR;100
2858;DANAO PECHE ABRICOT 250GR;100
2864;DANETTE PRALINEE 95G;100
2865;LBEN DELICE 270G;100
2866;DELICE FRUIT PECHE 95G;100
2867;BRASSE AROME VAN/BISCUIT DELICE 70GR;100
2880;YAOURT AROMATISE FRUIT EXOTIQUE 110GR;100
2891;CARRE DELICE 24;100
2893;BOISSON LACTE CHOCOLAT DELISSO;100
2895;BOISSON GAZIFIEE DELIO PECHE;100
2896;BOISSON GAZIFIEE DELIO MENTHE;100
2898;DELIO ANANAS 25CL;100
2899;PUNCH FRUITE PULPE 1.5L;100
2900;PUNCH CIDRE 30CL;100
2903;BOISSON AU JUS POMME 1L;100
2905;LAIT DELICE 1L;100
2911;DELICE WAKE UP GOUT CHOCOLAT 450G;100
2912;DELICE DE FRUITS PECHE 1 L;100
2913;DELICE DE FRUITS MANGUE 1 L;100
2914;JUS DELICE MULTI VIT 1 L;100
2917;FRUZZY ORANGE 125ML;100
2923;EAU DELICE 0.5L STIKA;100
2924;EAU DELICE 1.5L STIKA;100
2925;GOUTER;100
2926;GOUTER MAX EMMENTAL;100
2928;PORTION KAISER EDAM 1/16 100G;100
2929;PORTION KAISER GOUDA 1/16;100
2930;RAPE EMMENTAL & GOUDA 110GR;100
2943;NestlŽ cŽrŽale Nesquik 330GR;100
2948;Granomum Chocolate Granola 320GR;100
2949;PAPIER SERVIETTE 23*23 LILAS PREMIUM SIMPLE;100
2950;Granomum Golden Granola 320GR;100
2953;Granomum Golden Granola 100GR;100
2955;Granomum Chocolate Granola 50GR;100
2956;Granomum Golden Granola 50GR;100
2957;OEUF AICHOUCHA;100
2958;OEUFS VRAC;100
2963;GLOUB NOIR EL BARAKA;100
2964;LOUZ HLOU AL BARAKA;100
2965;LOUZ MALAH AL BARAKA;100
2966;PISTACHE AL BARAKA;100
2967;AKAJOU AL BARAKA;100
2978;ICE TEA ARIS CITRON;100
2981;ICE TEA ARIS POMME;100
2985;PAIN FANKOUCH;100
2999;LONDON DAIRY CHOCOLATE HAZELNUT CORNET;100
2999;LONDON DAIRY CHOCOLATE HAZELNUT CORNET;100
3008;SMS CO;100
3010;BRASSE AROME FRAISE DELICE 70GR;100
3012;LBEN 420GR-VITALAIT-;100
3013;BIFI A BOIRE 0% FRUITS DES BOIS;100
3015;Mascarpone delice;100
3025;LONDON DAIRY COCONUTELLO;100
3025;LONDON DAIRY COCONUTELLO;100
3026;MENI CAKE 40G;100
3033;BRASSE AROME FRAISE BISCUIT DELICE 70GR;100
3034;PAIN TABOUNA;100
3036;CHICORE BRAVA 100 GR;100
3039;SAC POUBELLE NOIR GRAND;100
3043;JUS DELICE FRUIT BLANC 1L;100
3047;PUNCH POMME 0.5L;100
3048;PUNCH PULPE ORANGE 0.5L;100
3050;PUNCH PULPE 1L;100
3051;PUNCH ORANGE 1L;100
3053;PUNCH CIDRE 1L;100
3054;PUNCH ANANAS 30CL;100
3064;BRASSE DELICE VANILLE BISCUIT 100G;100
3067;PAIN DE MIE COMPLET HAPPYS PACK 15T;100
3068;PAIN DE MIE CEREALES HAPPYS PACK 15T;100
3070;PAIN DE MIE COMPLET HAPPYS PACK 15T;100
3071;SNICKERS CHOCOLAT 30GR;100
3076;COCA COLA ZERO 1L;100
3079;CAFE SOLUBLE GOLD;100
3080;Sauce French Dijon 250ml;100
3081;Sauce ˆ l'ail Garlic 250ml;100
3082;FILTRE A CAFE MELITTA;100
3084;CIRAGE A CHAUSSURE SMART PATE NOIR 50ML;100
3085;CIRAGE A CHAUSSURE SMART PATE MARRON 50ML;100
3086;CIRAGE VILO CREME 60ML NOIR;100
3087;CIRAGE VILO CREME 60ML MARRON FONCE;100
3088;APPLICATEUR LIQUIDE VILO 80ML NOIR;100
3089;APPLICATEUR LIQUIDE VILO 80ML NATUREL;100
3090;RACLETTE POUR VITRE PLASTIQUE 1909131;100
3091;ROULEAU MINI LINT PAREX;100
3092;ROULEAU GR LINT PAREX;100
3093;BROSSE POR VAISSELLE PAREX;100
3094;EPANGE MAGIQUE;100
3100;CHOCOLAT MARS 51GR;100
3101;DADDY S CHIPS TRUFFE PARMESAN;100
3102;DADDY S CHIPS ROMARIN;100
3103;DADDY S CHIPS CHEVRE ET MIEL;100
3104;DADDY S CHIPS PAPRIKA;100
3105;DADDY S CHIPS PEPPER RASPBERRY;100
3106;DADDY S CHIPS BARBECUE;100
3107;DADDY S CHIPS CHEDDAR ONION;100
3108;DADDYS CHIPS AIL ET PERSIL 70G NEW GOLDEN KRISPYS;100
3109;SAC POUBELLE BLANC;100
3112;SH SOLEIL CLICK 3 CARTRIG B4 EU;100
3116;BISCUIT SAIDA 12 PCS;100
3120;CANETTE SCHWEPPES CITRON 24CL;100
3121;CANETTE SCHWEPPES 24CL;100
3122;ELIMINE LES VIRUS;100
3123;Top virucide;100
3126;YAOURT BRASSE AUX FRUIT SECS VITALAIT;100
3127;YAOURT AROME FRAISE 110GR-VITALAIT-;100
3128;YAOURT AROME VANILLE 110GR-;100
3129;YAOURT AROME BANANE 110GR-VITALAIT;100
3131;GRANDI VITALAIT VANILLE;100
3132;GRANDI VITALAIT FRAISE;100
3134;DOLCE LIEGEOIS CHOCOLAT;100
3137;OEUF BLANC 15 EMB JO CHAHIA;100
3138;OEUF BLANC 30 EMB JO CHAHIA;100
3139;OEUF DE 15 CHAHIA OMEGA 3;100
3143;JEL LAVANT LILAS CITRON MENTHE;100
3146;JEL LAVANT LILAS VANILLE;100
3148;DBEST DREAM DRAK;100
3149;BEST DREAM MSAIIC;100
3152;EAUX MARWA 1.5L STIKA;100
3153;JAVEL LILAS 3L;100
3154;JAVEL LILAS CLASSIC 1.5L;100
3160;GEL MACHINE LILAS CLEAN POWER VERT 3L;100
3174;DIXAN CAPS COLOR 27WL;100
3175;SHAMPOO GLISS AQUA REVIVE 250ML;100
3176;SHAMPOO GLISS TOTAL REPAIR 250ML;100
3177;SHAMPOO GLISS OIL NUTRITIVE 250ML;100
3178;SHAMPOO GLISS ULTIMATE REPAIR 250ML;100
3179;SHAMPOO GLISS SPLIT HAIR MIRACLE 250ML;100
3180;SCHWARZKOPF GLISS OIL NUTRITIVE CON;100
3181;SCHWARZKOPF GLISS ULTIMATE REPAIR CON;100
3182;SCHWARZKOPF GLISS SPLIT HAIR MIRACLE CON;100
3183;SCHWARZKOPF GLISS ULTIMATE REPAIR SHAMPOO 400ML;100
3188;SCHWARZKOPF GLISS AQUA REVIVE SHAMPOO 400ML;100
3189;SCHWARZKOPF GLISS SPLIT HAIR MIRACLE SHAMPOO 400ML;100
3190;SCHWARZKOPF GLISS OIL NUTRITIVE SHAMPOO 400ML;100
3202;MADELAINE 400GR SELJA;100
3204;BOUGIE CHIFFRE THEME 429;100
3207;BOUGIE 24P;100
3208;ACIDE CETIQUE ALIMENTAIRE 15ML;100
3209;Eau de fleur fabriquee 15ml;100
3211;DISTRIBUTEUR FLEURIE 100;100
3212;CANETTE ORANGINA 24CL;100
3214;Dabur miswak bain;100
3215;Dabur white teeth;100
3219;SAVON FELCE AZZURRA MUSCHIO BIANCO 100G;100
3220;SAVON FELCE AZZURRA CLASSICO 100G;100
3225;ElEGANCE gel;100
3227;ELEGANCE GEL TRIPLE ACTION ROSE 250ML-STE TROIS;100
3234;WC NET GEL CRYSTAL BLUE FRESH 750ML;100
3235;WC NET GEL CRYSTAL PINK FLOWERS 750ML;100
3240;WC NET BLOC CUVETTE SOLIDE OCEAN FRESH;100
3241;WC NET BLOC CUVETTE SOLIDE MOUNTAIN FRESH;100
3242;CAROLIN AU SAVON MARSEILLE;100
3244;SMAC DEGRAISSANT GAZ 500ML;100
3246;DET LAVAX 20 TABS;100
3248;EAU ECARLATE LE DETACHEUR PISTOLET 500ML;100
3249;K2R DETACHANT AVANT LAVAGE PISTOLET 500ML;100
3257;TOMATE PELEE CUBEE 1/2 SICAM;100
3259;HARISSA 1/6 MANARA DU CAP BON;100
3261;SPAGHETTI 2 RANDA 500G;100
3265;HAPPYS PIZZA 700G;100
3266;HAPPYS PIZZA 550G;100
3271;Lilas fantasie;100
3278;EAUX SABRINE STIKA 1.5L;100
3279;EAU MIN SAFIA 0.5L-SOSTEM-;100
3287;DEODORANT EXTREME FRUITE' LILAS 200ML;100
3288;DEODORANT EXTREME SENSITIVE LILAS 200ML;100
3294;DEODORANT SUPREME STAR LILAS 200ML;100
3299;1 GOBELET MF;100
3300;ARIEL 2 CAPSULES PF;100
3301;MR PROPRE SOL FRAICHEUR DU MATIN 1.3L;100
3305;FAIRY ALL IN ONE PLUS 30P;100
3321;LENOR RELAX 1176ML;100
3326;PANTENE OIL REPLACEMENT SMOOTH & SILKY 180ML;100
3327;FROMAGE DELICE FILET;100
3330;FINESS SH LAVE LINGE 5 L EJM;100
3331;JAVEL JUDY 4.5 L;100
3333;VINAIGRE COLORE 88CL;100
3337;MAXIIMO EGG;100
3338;PANDA SURPRISE;100
3343;BUBBLE GUM;100
3344;BUBBLE GUM;100
3351;TYMBARK ORANGE;100
3352;CURE DENTS FLEUR;100
3353;SACHET CONGELATION;100
3356;GEL LAV MAINS CFRESH SENTEURS MARINES 350ML;100
3360;CUREDENT TIGE GM;100
3364;LILAS GEL MACHINE LAVANDE INTENSE 2.5L;100
3366;1 GOBELET GF;100
3367;LAIT AMANDE LOVEGE 1L;100
3374;CLUB CORNFLAKES 50GR;100
3375;YAGOURT VITALAIT GRANDI SAVEUR FRUIT 330G;100
3378;CAMEMBERT CALIFE SOUANI;100
3379;CAMEMBERT AU FOUR;100
3382;TERROIR DE LANSARINE SOUANI 150G;100
3383;Eau tijen 0.5 stika;100
3384;EAU TIJEN 0.5L;100
3385;FLOCONS D AVOINE GRANDES FEUILLES 500G;100
3388;LOT BISCOFF 125G LOTUS;100
3390;JUDY VITRE 3EN1 BLEU PIST;100
3392;CIDRE PUNCH 1.5L;100
3395;M&M'S CHOCOLAT 45G SOINDI;100
3396;CHOCOLATE COOKIES CHAMPS;100
3397;Cappucino cafe vanilla;100
3398;Cappuccino cafe hazelnut;100
3399;CAFE CLASSICO CAPPUCCINO LAFESTA 12.5G;100
3409;PAPIER HYGIENIQUE JAUNE FLEURI LILAS x12;100
3412;TWIX WAFER ROLLS;100
3413;TOAST SANS SEL 240G;100
3417;JUS DELICE MOJITO 1 L;100
3420;PUNCH ORANGE 30CL;100
3424;AMPOULE ACTIVA 75W;100
3435;JUDY SOL ET SURFACES 800ML LAVANDE;100
3436;JUDY SOL ET SURFACES 800ML YASMINE;100
3437;ARIEL PODS ALPINE 20X25.2G;100
3438;LILAS CLIP POCKET MICRO AEREE NUIT PLUS 8 PARFUME;100
3446;COLGATE MISWAK 75ML;100
3447;SAC POUBELLE MOYEN NOIR;100
3449;MAD CORN'S HOT CHILI 70G;100
3450;MAD CORN'S CHEESE;100
3459;SAUCE PANZANI NAPOLETANA 400G;100
3461;SAUCE PANZANI ARRABBIATA 400G;100
3463;Farfalle tricolore Panzani 55G;100
3466;CAPSULE L'OR ONYX 12;100
3467;CAPSULE L'OR SPLENDENTE 7;100
3479;BARRE KINDER T4 20 PCS;100
3481;HARISSA SOCODAL 1/6;100
3482;SAUCE TOMATE+AIL 1/2 SICAM;100
3483;THON ENTIER EL MANAR A HUILE D'OLIVE 160G;100
3484;TOMATO ZINA 1KG;100
3486;DOUBLE CONCENTRE T ABIDA 400G;100
3488;HRISSA TUBE EL MANAR;100
3489;Cafee blanche 125g bontown;100
3490;SAVON DETTOL SKINCARE;100
3491;SCHWEPPES GOLD ANANAS;100
3492;CANETTE PEPSI;100
3493;7UP 330ML;100
3495;KINDER TRANKY;100
3496;PAIN LIBANAIS 28CM 5PCS;100
3497;PAIN LIBANAIS COMPLET;100
3498;PAIN PANINI*4;100
3502;PAIN DE MIE CEREALE;100
3503;PAIN DE MIE COMPLET;100
3511;CATTY SURPRISE;100
3512;BOISSON A L'EAU DE MENTHE HAZEM 1L;100
3514;PAIN CHAWARMA 5PCS RAGHIF;100
3515;PAIN ORIENTAL COMPLET;100
3516;PAIN CHAWARMA 10PCS;100
3517;Pain BURGER complet;100
3521;RECHARCHE DIPTOX POUR DIFFUSEUR ANTI-MOUSTIQUES 45ML;100
3522;FOURAT 2L STIKA;100
3526;EAU MIRA 0.5L STIKA;100
3528;JETSET DE NETTOYAGE PAREX;100
3530;LAVETTE TREND 3PCS;100
3531;LOT 3 CHIFFONS DE NETT PAREX;100
3534;RACLETTE POUR VITRE WINDOW PAREX;100
3535;LAVETTE METALLIQUE PAREX;100
3537;GANT STANDARD PM PAREX;100
3538;GANT STANDARD MM PAREX;100
3540;LAVETTE MAGIQUE 35X34 PAREX;100
3548;FARINE EL KHOMSA 1KG;100
3550;TOMATE LE PETIT PARIS 4/4;100
3551;LBM PROUTA GOLD;100
3552;BISCUIT MINCEUR SANS SUCRE 100G LBM;100
3553;TEST2;100
3557;VATIKA HENNA NATURAL BLACK;100
3558;VATIKA HENNA BROWN;100
3559;VATIKA DARK BROWN;100
3561;ELEGANCE NAIL PEMOVER;100
3566;PAPIER SERVIETTE 30*30 LILAS PREMIUM;100
3573;DONUTS MOULIN D OR VANILLE;100
35730;DONUTS CREME FRAISE 50GR;100
3577;CANDY TOYS;100
3578;ABE FRUIT CANDY;100
3579;ABE ORANGE;100
3580;ABE BLUE LAGOON;100
3581;ABE CLOUDY;100
3582;BIG HHMTO;100
3584;SNO VAINAIGRE MENAGER 14¡ 1L;100
3586;SNO SAVON NOIR LIQUIDE 1L;100
3587;SNO BICARBONATE DE SOUDE 1.5KG;100
3588;SNO CRISTAUX DE SOUDE 1KG;100
3590;SNO LESSIVE POUDRE 1.2KG;100
3591;SNO ACIDE CITRIQUE 1KG;100
3592;SNO DETACHANT ULTRA 500ML;100
3594;SNO SAVON NATUREL HO 100G;100
3595;PAPIER HYG ROSY DE 4;100
3596;ESSUIE-TOUT ROSY 2 rlx;100
3599;COUCHE KOTIS 16+ KG -N 6;100
3600;COUCHE KOTIS 11-25KG -N5;100
3601;KINDER CHOCOLAT AU LAIT MAXI;100
3604;JUDY VAISSELLE 580ML CITRON;100
3606;FILM FRAIS 400G;100
3607;Penne intŽgrale 500GR;100
3609;Spaghetti intŽgrales Warda 500G;100
3611;Coude 2 5 cŽrŽales Warda 500GR;100
3617;CafE BONDIN AROMA 125 GR;100
3629;Champignons Hanibal pieds et morceaux 390 g;100
3630;Pois chiches Mami Garden 400 g;100
3639;DIMA 0.5L;100
3640;VIT'UP FRAISE VITALAIT 160G;100
3649;GEL MACHINE FLORAL LILAS 3L;100
3655;LE GOURMAND COEUR LBM;100
3667;HIBAL CHRITA;100
3668;PRINGLES ORIGINAL 165 GR;100
3671;HAPPY GAUF 2 BAR F ENROBE CHOC;100
3673;FERRERO 172GR;100
3676;HUILE DE MAIS 1.8L SAFI;100
3678;HEAD SHOULDERS400ML;100
3680;SHCHOKO BONS;100
3681;SCHOKO BONS;100
3686;GEL LAV MAINS CFRESH GRENADE 350ML;100
3687;GEL LAV MAINS CFRESH LAVANDE 350ML;100
3688;BOUTEILLE WATER FRESH LINA 750ML;100
3689;FLEUR DE DOUCHE;100
3690;GANT DE DOUCHE NOIR;100
3694;LBM BY KINGO;100
3699;MIEL THYM/ZAATAR;100
3705;LILAS SHAMP HUILE D'ARGAN 180ML;100
3707;LILAS SHAMP GRENADE 180ML;100
3708;CACAHUETE FROMAGE VIPA 80GR;100
3708;CACAHUETE FROMAGE VIPA 80GR;100
3709;CACAHUETE TACO VIPA 80GR;100
3711;SELECTION FESTIF VIPA 100G;100
37110;SELECTION PLAISIR VIPA 100G;100
3712;CACAHUETES PAPRIKA VIPA;100
3713;SELECTION ORIENTAL VIPA 100G;100
3717;DAILY CHOCOLAT VIPA;100
3718;DAILY CEREALES SANS SUCRE VIPA;100
3720;DAILY MIEL VIPA;100
3721;POUDRE NUTRITIVE D AVOINE;100
3723;CRAK'O BARRE CACAHUETE, SESAME ET RAISIN VIPA;100
3724;GRANO BARRE CARAMEL SALE ET FRUITS SECS;100
3728;MOON CAKE ZRIR;100
3735;LILAS EXTREME GEL LAVANT MARINE;100
3737;ESSUIE TOUT 1RLX XL;100
3740;ALWAYS DAILY LINERS NORMAL 20P;100
3745;KINDER DELICE;100
3747;DANAO KIWI MANGUE250G;100
3748;PATE LONGUE N2 500GR WARDA;100
3749;MOUCHOIR NET ENFANT NORMAL;100
3750;PAMP VALUE PACK S2 4*40;100
3756;CAPSULE BONDIN DECAFEINE 6;100
3759;CAMPL AVOINE ET CHIA SANS SUCRE;100
3760;CAMPL MULTI GRAINES SANS SUCRE;100
3761;CAMPL ROYAL GOUT CHOCOLAT;100
3762;SABLE AU NOIX DE COCO CAMPI;100
3763;SABLE AU CACAO CAMPI;100
3764;COOKIES AUX PEPITES DE CHOCOLAT ET AUX CEREALES CAMPI;100
3765;COOKIES AUX PEPITES DE CHOCOLAT CAMPI;100
3772;CAFE MOULU ARABICA 250G 100%;100
3773;CAFE MOULU QUALITA ORO 250G;100
3774;CAFE MOULU AROMA FORTE 250G;100
3775;NETTOYANT POUR SNEAKERS;100
3777;SHAMP POUR CHAUSSURES DE DAMES 125ML;100
3779;Lait concentrŽ Vanoise 450GR;100
3783;CAFE GRAND MERE 200G;100
3795;Papillon 1 Randa 500G;100
3798;Couscous moyen 1KG (CC15) Caravan;100
3799;Thon El Manar HV 162 g;100
3807;DISTRIBUTEUR FLEURIE 100;100
3808;DIST LOTUS CUBIC KIDS 80;100
3813;CHIPS LAY'S CHEESE & OIGNON 45G;100
3814;LAY'S CHEESE 43G;100
3819;NIC NOC 125GR;100
3820;CHOCAPIC BARS;100
3822;FITNESS 420GR;100
3823;Vinaigre pomme 38cl;100
3830;HAPPY FULL SOUR BOTTLES 70GR;100
3831;HAPPY FULL SOUR LANGUES 70GR;100
3833;EAUX HAYET 0.3L STIKA;100
3836;CANDY DONIA;100
3842;LONDON DAIRY CRUNCH CARAMEL 125ML;100
3842;LONDON DAIRY CRUNCH CARAMEL 125ML;100
3845;VIVA CITRON 1 L;100
3846;SCHWEPPES GOLD PECHE 24CL;100
3848;BEBE LILAS CONFORT 5-10KG-N3;100
3861;AIR FRESH CITRON 200ML;100
3868;BIENKY WHITE GRAPES;100
3870;BIENKY BLUEBERRY CHERRY;100
3871;KINDER JOY GARCON;100
3872;KINDER JOY FILLE;100
3874;EAU BARGOU STIKA 1.5L;100
3876;SCHWEPPES GOLD 24CL;100
3877;SANI BRILLE VITRE 500ML PISTOLET;100
3878;CAKE CITRON VANOISE 485GR;100
3879;CAKE ORANGE VANOISE 485GR;100
3884;BISCUIT PTIT MATIN AUX CEREALES PEPITES 115G LBM;100
3891;JUS DELICE RAISIN 1L;100
3892;Lilas roll vanille;100
3895;Lilas roll dark;100
3898;Lilas supreme deodorant perfect;100
3904;MONSTER ZERO SUGAR;100
3906;MONSTER JUICE;100
3909;JUS THYMBARK CACTUS 1L;100
3912;SNICKERS CHOCOLAT 50G;100
3918;GRANOLA DAILY FRAISE/FS VIPA;100
3919;CACAHUETES CARAMEL VIPA;100
3919;CACAHUETES CARAMEL VIPA;100
3921;NANA MAXI CLIP SL NORMAL10;100
3924;PAPIER HYGIENIQUE LOTUS CONFORT 2;100
3932;PAINS AU CHOCOLAT;100
3933;KAAK AUX FENOUILS;100
3937;SOUP EXTRVAGANCE;100
3940;Dabur miswak germ kill;100
3941;MISWAK DABUR MINT FRESH;100
3942;FELCE AZZURRA;100
3944;FELCE AZZURA DOUCHE ET BAIN BLACK ORCHID 650ML;100
3946;EAU MY TUNISIA STIKA;100
3949;30 OEUFS JAUNE ORANGE EL FIRMA;100
3952;Couscous express fin 500GR;100
3957;SPRITE 1 L;100
3964;FANTA POMME 30 CL;100
3969;FRUZZY TROPICAL DELICE 180ML;100
3972;NOIX DECORTIQUEES VIPA;100
3978;SUPER DEGRAISSANT FOUR MURAL;100
3981;CLASS 2L EJM;100
3982;AIR FRESH ARAYHANE;100
3985;CALETTES DE RIZ SEL DE MER THE LIBANESE FACTORY 110G;100
3986;CANNELLE MOULU 100G;100
3987;ZINGIBER MOULU 100G;100
3988;MEULE EDAM KAISER 270GR;100
3990;LBM PROUTA;100
3992;BEBETO PEACH RINGS 18G;100
3994;EAUX PERRIER20CL;100
3995;BULDAK CREAM CARBONARA;100
3997;Colgate max white 75ml;100
3998;COLG MAXFRESH CL MINT 75ML VERT;100
3999;BAD DOUBLE ACTION CHARCOL;100
4000;BAD EXTRA CLEAN MEDIUM COLGATE;100
4001;BAD COLGATE TWISTER MED;100
4006;PO SOAP NATURAL HABBA SOUDA 120G;100
4007;PO SOAP NATURAL PINK 120G;100
4008;SAVON PALMOLIVE MOISTURIZING & FRESHNESS 120G;100
4014;EDAM PORTION 80GR MAJESTY;100
4015;PORTION MAJESTE GOUDA 80G;100
4017;Thon entier La Goulette ˆ lÕhuile vŽgŽtale 400 g;100
4018;DIVA BOISSON AU JUS D'ORANGE 1L;100
4025;Harissa du Cap Bon 135 g;100
4026;Thon El Badr HV 400 g;100
4034;NESPRESSO ARPGGIO;100
4035;Monari Federzoni Glassa;100
4036;Eaux mira 2L STIKA;100
4037;EAU MIN MIRA 2L;100
4040;BOUGIES CANDELINA PROFUMATA;100
4041;GOBLETS CARTONS 20CL;100
4042;BOUGIE HAPPY BIRTHDAY;100
4044;BALLONS HAPPY BIRTHDAY;100
4045;Palles 6m;100
4046;PAPIER CUISSON POUR AEROTRYER;100
4047;LUCKY BALL;100
4051;CAFE BONDIN 45G;100
4052;CRUNCHIPS LORENZ 100 GR;100
4054;Lilas ULTRA DOUX;100
4056;ANBAR;100
4057;JEDDAH BRIGUET;100
4058;COUPE ONGLES;100
4060;BKHOUR;100
4063;CHUPA CHUPS;100
4064;NUTELLA BISCUIT;100
4066;BOGA MENTHE 0.5 L;100
4068;BOGA PECH ABRICOT 24CL;100
4071;TOP CHEF;100
4072;BROSSE BALAI CONDOR SOFPINCE;100
4080;Nwasser artisanale;100
4081;Couscous artisanale;100
4085;MENTOS FANTA;100
4086;LINGETTE BEBIKO PREMIUM DE 72 AVEC LID;100
4087;Kotis n 4;100
4093;RACLETTE ATLASS 55CM;100
4094;PACK WISE 120CM;100
4095;MANCHE 1.40M;100
4096;MANCHE 1.20M;100
4098;GEL LAV MAINS CFRESH VERVEINE ET CITRON VERT 350ML;100
4103;PAIN SEMOULE;100
4105;CROQUETTE 110 GR TOM;100
4109;LILAS EXTREME SERUM LISSANT KERATINE110ML;100
4114;LILAS GEL DOUCHE SENSITIVE400ML;100
4116;LILAS GEL DOUCHE COOL 400ML;100
4117;LILAS GEL DOUCHE MANGUE 500ML;100
4118;MILKA AU LAIT;100
4119;MILK CAKE AU LAIT MOULIN D OR;100
4121;CHARLOTTE MOULIN D OR;100
4122;TAKIS VOLCAND;100
4123;TAKIS FUEGD 40G;100
4124;VIPA graines de sarrasin 500G;100
4125;GOLDEN COFFEE SEPECULOOS;100
4127;GOLDEN COFFEE CLASSIQUE;100
4128;GOLDEN COFFEE NOISETTE;100
4129;MONSTER ULTRA WATERMELON;100
4135;HARBO CHAMALLOWS 25G;100
4141;DADDY S CHIPS SEL DE MER;100
4143;LOS GRUNOS KOREAN BARBECUE;100
4149;Confiture abricot 1/2 OF Le Petit Paris;100
4152;BATS NEVA CARRE BEBE 48*30-FLORUS DIST-;100
4160;CHOC NET 4 BLOC LAVANDE;100
41600;CHOC NET 4 BLOC CITRON;100
4161;Harissa traditionnelle 180 g;100
4163;Harissa fumŽe 180 g;100
4167;FERERO ROCHER;100
4168;LILAS DARK;100
4172;JAVEL LILAS LAVANDE 1.5L AZUR;100
4175;L ORAGE AGRUMES 300ML;100
4177;L ORAGE PETALES 300ML;100
4181;SCHWEPPES CITRON MENTHE 30CL;100
4183;SCHWEPPES CITRON MENTHE 24CL;100
4185;BOOM BOOM ENERGY DRINK 250ML;100
4186;TAKIS FUGO 100G;100
4187;COTON DISQUE A DEMAQUILLER SOFT&COMFORT 100;100
4188;SUPER RACLETTE LION;100
4189;RAZAR REGULAR 25ML-UTIC-;100
4191;DECAPANT JUDY 1L;100
4193;LUX SAVON CREAMY PERFECTION 75G;100
4194;LUX SAVON VELVET TOUCH 75G;100
41940;LUX SAVON SWEET EMBRACE 75G;100
4195;Dove relaxing;100
4196;DOVE;100
4197;DOVE;100
4199;DEGRAISSANT PROF FORCEXPRESS 1 L;100
4200;LINGETTE PREMIUM BEBE 72 AVEC COUVERCLE +LOTION;100
4201;SOL & SURFACE LILAS JASMIN 1L;100
4202;LILAS SOL ET SURFACE POMME 1L;100
4203;CHARCOOL;100
4209;PRINCE CHOCOLAT SAIDA;100
4211;SUCRE EPILA;100
4212;BALLOONS;100
4213;COUPE ONGLES GREND;100
4215;CHOFN;100
4216;KAKI ROYAL;100
4217;MCHOUT;100
4219;FARINE SANS GLUTEN;100
4220;MIICHA;100
4222;KŸhne Balsamic 250ml;100
4223;KŸhne American Caesar 250ml;100
4224;Sauce Curry 250ml;100
4225;KŸhne Tartare 250ml;100
4226;KŸhne Medium Hot Mustard;100
4227;KŸhne Coarse Mustard;100
4228;LBM COOKIS SANS SUCRE;100
4229;LBM TEA TIME SANS SUCRE;100
4230;DORITOS FLAMIN HOT LEMON;100
4231;SHARK ENERGY DRINK;100
4235;CHOCO CANDY;100
4236;MINI CAKE NATURE 45GR;100
4242;HARIBO OHANTASIA;100
4243;PUCK BLUE 140G;100
4244;SAVNYTOL DESINECT 400ML;100
4246;IDEAL RAUIEUR;100
4247;IDEAL RAUIEUR BALANC;100
4249;DANETTE ASSIDET ZGOUGOU 9;100
4252;LILAS CLIP NUIT PLUS PARFUME 8;100
4255;Bonna Mayo ˆ l'ail 260ml;100
4256;Sardine Noor;100
4257;Thon entier Amiral 130 g (HV);100
4259;BISCUIT MAISON NAZIHA FARINE;100
4261;CHOCOLAT GATEAU;100
4263;CHOCO SCOOPS 250GR;100
4264;CORN FLAKES NATUREL 250GR;100
4265;SWEET FLAKES 250GR;100
4268;FRUTEEZ COMPOTE POMME POIRE;100
4270;COMPOTE DE FRUIT POMME PECHE 90GR;100
4275;PRESTINE 1L;100
4278;ROSA CLEAN;100
4280;CREME DEODORANTE FRUITEE(CC24)-ICT LABORATOIRE-;100
4281;CREME DEODORANTE DEO MARINE;100
4282;GILETTE MOUSSE BASIC PEAU NORMALE;100
4284;GILLETTE SHAVE FORM;100
4285;GILLETTE COMFORTABLE;100
4286;GILETTE SHAVE GEL SKIN SOOTHING;100
4287;POWER RUSH CLEAR GEL TRIPLE ACTION;100
4289;BISCUIT PTIT MATIN SPECULOOS 95G LBM;100
4290;LE GOURMAND CHOCOS COEUR CHOCOLAT;100
4291;LE GOURMAND COOKIES PEPITES CHOC AMANDE CARAMELISE;100
4292;LBM COOKIES SANS SUCRE;100
4294;DELISSO FRUIT ROUGES 20CL;100
4296;DELICE CREME CHANTILLY45ML;100
4297;MIRINDA ORANGE;100
4299;BARQUETTE 10T KAISER EDAM;100
4301;Harisa Sahlia 380G;100
4302;Thon en miettes El Manar ˆ lÕhuile dÕolive 85 g;100
4303;Hlalem Warda 500G;100
4307;AIR FRESH LAMST HARIR;100
4308;AIR FRESH AL FARIS;100
4313;M.PROPRE SPR BLEACH 500ML;100
4314;MR PROPRE MULTI-USAGE AU BICARBONATE 500ML;100
4315;SENSODYEN MULTI BLANCHEUR;100
4316;SENSODYEN MULTI COMPLET;100
4318;ALWAYS 3IN1 ULTRA THIN LONG 16PCS;100
4320;A BOIRE FRAISE NATILAIT 350GR;100
4322;MAXI A BOIRE BANANE NATILAIT 330G;100
4323;MAXI PRO;100
4324;LAIT DEMI ECREME NATILAIT 1L;100
4337;CRISTALINE STIKA0.5L;100
4340;LOR RISTRETTO X10;100
4341;NESPRESSO VOLLUTO;100
4344;GANT DE MENAGE BI-COLOR PAIRE MEDIUM LARGE;100
4346;LIPTON PESCA ICE TEA;100
4349;CRUNCHIES CHEESE;100
4350;CRUNCHIES PAPRIKA;100
4350;CRUNCHIES PAPRIKA;100
4352;Ma•s doux Saveurs 150 g;100
4353;EL MORDJEN 700G;100
4356;CROISSANT MOLTO XL CHOCOLAT;100
4357;VIO SUPERFRESH MINT;100
4358;VIO SUPERFRESH PEPPERMINT;100
4360;VIO EXTRA EUCALYPTUS;100
4361;VIO EXTRA PRO;100
4363;Ail moulu 50g;100
4365;SENSODYEN MULTI BLANCHEUR 100ML;100
4366;SCHWEPPES TONIC 1L;100
4374;HUILE SAFI VEGETAL 1.8 L CHEF;100
4375;ZY RIZ ETUVE 1KG;100
4379;Harissa du Cap Vert 380 g;100
4380;Harissa du Cap Vert 135 g;100
4382;Tagliatelle N2 Warda 250GR;100
4392;LOR MARANELLO 10;100
4393;LOR MARANELLO 8;100
4394;LOR MARANELLO 12;100
4395;LAYS FROMAGE 80GR;100
4398;ICE TEA FRUITS ROUGES 300ML;100
4399;CREAMY A BOIRE DELICE PANACHE 150G;100
43990;CREAMY A BOIRE DELICE FRAISE 150G;100
4400;PAIN MAXI TACOS 402GR;100
4401;PAIN MAXI TACOS 240GR;100
4407;PAIN DE MIE AUX CEREALES-MOULIN DOR;100
4408;PAIN DE MIE NATURE MOULIN D'OR;100
4410;BEBE LILAS CONFORT 18-9KG-N4;100
4411;BEBE LILAS CONFORT 5-10KG-N3;100
4413;GOLDEN COFFEE SACHET 2GR;100
4414;GOLDEN COFFEE SELECTION;100
4417;DOLCE CAFE CLASSIC 45G;100
4418;DOLCE CAFE CHICOREE 50G;100
4419;10 CAPSULES GOLDEN COFFEE EXTREME;100
4420;10 CAPSULES INTENSE-GOLDEN COFFEE;100
4423;AMANDES GRILLEES SALEES VIPA 70G;100
4425;Coquiette Warda 500GR;100
4426;Coude 2 Warda 500G;100
4430;VASELINE JET7;100
4432;LILAS BLACK POWER;100
4433;KEFIR MANGUE 270 GR;100
4435;BISCUIT LIBANAIS;100
4436;LOT 3 LINGETTES BEBE DE 72 CALINS CALINE;100
4437;POWER CUPS NOISETTE 50G;100
4438;POWER CUPS 50G;100
4440;SNICKERS CHOCOLAT 40G;100
4446;ELEGANCE GEL TRIPLE ACTION 100G-STE TROIS;100
4449;SPITZ PINEAPPLE DRINK;100
4452;CLOSE UP DEEP ACTION RED HOT 75ML;100
4453;CLOSE UP DEEP ACTION MENTHOL FRESH 75ML;100
4454;SHAMPOOING SUNSILK 2EN1 350ML(bronze);100
4455;SHAMP SUNSILK 2EN1 180ML(bronze);100
4457;SHAMPOIING SUNSILK 180 ML;100
4461;Folia 3x;100
4468;JMAL CLASS 5L;100
4470;BOISSON PUNCH POMME 1.5L;100
4471;BOISSON PUNCH CITRON 1.5L;100
4472;TOP CHEF SPECIASALTE CREME DE CUUISSON;100
4474;CHOC POUDRE A RECURER 500GR JA;100
4475;SANI BRILLE MEUBLE BOMBE GM;100
4476;CHOC NET 4 BLOC PIN;100
4478;PAPIER CUISSON;100
4482;Hrouss Sannefa 340 g;100
4483;Harissa Sannefa 340 g;100
4484;Salade Mechouia piquante Sannefa 340 g;100
4485;Salade Mechouia douce Sannefa 340 g;100
4486;ƒpices viande Sannafa 30gr;100
4487;JUDY LINGE 2.6 L GEL FLOWER;100
4491;EAU BARGOU STIKA 0.5L;100
4492;DAMLA SOUR BELTS RUMBOW;100
4493;FLORIDA;100
4494;PECTOL CERISE;100
4495;SMITCHOU;100
4496;CANDY JOY;100
4497;JUDY LINGE 2.6L GEL AU SAVON;100
4500;Sardine Noor tomate;100
4501;ALYS BOUTEILLE 1L;100
4502;CIRLINA CIRE ORIENTALE A EAU ROSE;100
4503;CIRLINA CIRE ORIENTALE EAUX FLEURS DE GERANIUM;100
4504;CIRLINA CIRE ORIENTALE AU MIEL;100
4505;SANAX BLOC DESODORISANT;100
4508;PENONSING;100
4509;DAILY MAX;100
4510;SHWEEPPES LEMON MINT 250ML;100
4511;SHWEEPPES GOLD 250ML;100
4512;SCHWEPPES POMEGRANATE 250ML;100
4513;SHARK STIMULATION 250ML;100
4515;TAKIS SPICY QUESO 90GR;100
4520;PLIZ AERO SPRINGTIME FLORALE LAVANDE 300ML;100
4521;MR MUSCLE WC LIQ 750 MINT;100
4523;FELCE AZZURRA ORIGINAL 2 L;100
4526;WC NET GEL INTENSE OCEAN FRESH 750 ML;100
4527;OMINO BIANCO DETACHANT 500ML;100
4528;CHICORE BRAVA 250GR+50G GRATUIT;100
4531;AXE AFRICA MANDARIN 150ML-;100
4532;ESSUIE TOUT LOTUS L ORIGINAL 2P BLANC*2;100
4533;E.T LOTUS L ORIGINAL 2P EXTRA LONG BL;100
4535;PAPIER SERVIETTE LOTUS 23*23;100
4536;PAPIER SERVIETTE LOTUS 30*30;100
4537;PAPIER SERVIETTE LOTUS 23*23;100
4545;CAFE MAXWELL HOUSE 95GR;100
4546;CAFE MAXWELL HOUSE 47.5GR;100
4549;PUNCH 0.5 L;100
4551;HAPPY BEAR;100
4552;SAMRT SURPRISE EGG GIRL;100
4553;SAMRT SURPRISE EGG BOY;100
4554;BABOL GUM;100
4555;MEELOX MARSHMALLOW;100
4557;Kent soup crŽmeuse aux champignons;100
4558;Kent soup poulet avec nouilles;100
4559;Remia Honey Mustard;100
4560;VITAMIN BARS;100
4562;AMADA STIX CRISPY RICE 34G;100
4563;BISCOLATA STIX 40GR SOLEN;100
45630;BISCOLATA PIA ORANGE 100 GR;100
4564;BISCUIT AMADA PIA CHOCOLAT 100 GR;100
4571;LAVIDA CREAM SPREAD WINT TLAVOUR 390ML;100
4572;LAVIDA HAZELNUT CHOCOLATE 350G;100
4576;SHWEEPPES GRENDINE 900ML;100
4577;SCHWEEPS AGRIMES 1L;100
4578;SCHWEPPES ANANAS 900ML;100
4579;BOGA MOJITO 0.5L;100
4580;SCHWEPPES ANANAS CACO 240ML;100
4582;MAYOKA 300ML;100
4583;BATONNETS COTY'LYS;100
4584;Harissa Jouda 1/6;100
4588;LU GRANOLA;100
4592;CHUNKOS 40GR;100
4593;SAIDA OXO MAXI;100
4594;CHARLOTTE BLACK & WHITE;100
4595;JUS ENERGY ORANGE 25CL;100
4596;P‰te longue N3 Warda 500GR;100
4598;BOUNTY X5;100
4600;Dima clean microfiber;100
4601;DIMA CLEAN MICROFIBRE;100
4610;HARIBO PRIMAVERA;100
4615;MOGU MOGU PINEAPPLE;100
4616;CHAROOL TABLETS;100
4618;ELEGANCE NAIL PEMOVER;100
4620;ELEGANCE ULTRA;100
46200;ELEGANCE TRIPLE ACTION BLEU 250ML;100
4621;ELEGANCE ULTRA;100
4622;ELEGANCE HAIR CONDITIONER;100
4623;ELEGANCE PLUS MIRACLE HAIR SHAMPOO 500ML;100
4625;LOR BLONDE ROAST;100
4626;LOR DARK ROAST;100
4627;FIDJI TANDEM 22GR;100
4628;KROSS AU LAIT;100
4629;PRIME 500 ML;100
4630;PRIME 500 ML;100
4631;POWER RDE 500 ML;100
4632;FWAWNIS 75W;100
4633;FWAWNIS 75W;100
4636;CUBE GOUDA KAISER;100
4637;CUISTOT CREME 2 PORTIONS PRESIDENT;100
4638;BOYAU MOZZARELLA KAISER 80GR;100
4640;PAIN DE MIE BRIOCHE MOELLEUX-MOULIN DOR;100
4644;SCHWEPPES GRENDINE 240 ML;100
4650;COTE D OR LAIT MELK;100
4657;Spaghetti Integrali Divella 500G;100
4658;Petits pois extra fins dÕAucy 400 g;100
4659;Haricots rouges dÕAucy 400 g;100
4660;Haricots blancs dÕAucy 400 g;100
4662;MacŽdoine dÕAucy 400 g;100
4663;Champignons Tanit Le Jardin 1/4;100
4664;Champignons Tanit Le Jardin 1/2;100
4665;Ma•s dÕAucy 340 g;100
4668;DAJLA0,5L;100
4669;Harissa traditionnelle Sannefa 450 g;100
4671;LITHIUM BATTERY CR 2032;100
4672;LITHIUM BATTERY CR 2016;100
4673;ERON ENERGY DRINK;100
4677;Semoule fin 1KG;100
4684;JUS VITALIO PECHE_ABRICOT 200ML;100
46840;GRECOS NATURE SUCRE 100G-VITALAIT;100
4686;VITUP BANANE160G;100
4687;A BOIRE COLADA VITUP MAX 260GR;100
4688;GRECOS NATURE;100
4692;VIT UP TANGO CRUSH;100
4694;VIT UP COFFEE BREW 160G;100
4695;YAOURT VITALAIT A BOIRE ORANGE-BISCUIT 170 GR;100
4696;MAXY BREAK;100
4697;MAXY BREAK;100
4698;SCHWEPPES 1.5L;100
4699;CHOCO FIESTA;100
4700;SEVEN UP 7;100
4701;A BOIRE FRAISE VITUP MAX 260GR;100
4702;CELESTIA NATURE 25CL;100
4707;LOR RISTRETOO 11 X30;100
4711;YAOURT AROME ABRICOT DELICE;100
4712;CAROO BABOU;100
4714;DIAMOND;100
4715;Sardine El Habib 110 g;100
4716;CROSTATINI FRAISE 60 GR;100
4718;VIT'UP VANILLE 160G VITALAIT;100
4720;Vermicelle de 500G Rose Blanche;100
4724;CELESTIA CITRON 25CL;100
4725;FANTA POMME 1 L;100
4727;Mhamms N2 Warda;100
4728;FELI CAT SUPER 10L;100
4729;VANCAT COMPACT CLASSIC 5KG;100
4731;VANCAT COMPACT LAVENDER 5KG;100
4733;CIUFFI CHIEN DENTAL STICKS POLO 180GR;100
4734;CIUFFI CHIEN STRIP POLLO 200GR;100
4735;MIGLIOR CANE POULET BOITE 405 GR;100
4736;MIGLOIR GATTO PROFESSIONNEL PATE PESCE ET GAMBERETTI;100
4737;MIGLOIR GATTO AGNELLO 100GR;100
4738;MIGLIOR GATTO PRELIBATTI POCHON MANZO CAROTE 100GR;100
4740;MIGLIOR GATTO STERILISED POLLO AGNELLO ORTAGGI 100GR;100
4741;MIGLIOR GATTO STERILISED MANZO FEGATO CAROTE 100GR;100
4743;MIGLIOR GATTO STERILISED PESCE AZZURO 85GR;100
4744;MIGLIOR GATTO STERILISED SALMONE 85GR;100
4745;MIGLIOR CANE PREFRITI VITELLO CAROTE 150G;100
4746;MIGLIOR CANE PREFRITI POLLO TACCHINO 150GR;100
4747;MIGLIOR CANE JUNIOR CROQUETTE POLLO 1,5KG;100
4749;MIGLIOR CANE MINI CROQUETTE MANZO 1,5 KG;100
4750;MIGLIOR CANE UNICO SOLO VITELLO POCHON 100GR;100
4751;MIGLIOR CANE UNICO SALO 100GR;100
4752;MIGLIOR CANE PROFESSIONNEL PATE VITELLO;100
4754;MORANDO PROFESSIONNEL GATTO PATE AGNELLO 400GR;100
4755;COOBCBL;100
4757;MAD JOUR;100
4758;POWDER;100
4759;Lasagne Warda 500GR;100
4760;GRANO BARRE RAISIN ET FRUITS SECS;100
4761;GRANO BARRE CHOCOLAT MANDARINE ET FRUITS SECS;100
4762;GRANO BARRE ABRICOT ET FRUITS SECS;100
4764;CRIX;100
4766;MONSTER;100
4767;CHOC COMBAT OCEAN 300ML;100
4768;VAISSELLE SAVON DE CARTHAGE 3L;100
4769;HUILE D'OLIVE 750 ML JAZIRA;100
4770;HUILE D OLIVE VIERGE PET 1L AL JAZIRA;100
4771;Vinaigre de cidre gallon 500ml Al Jazira;100
4773;HUILE D OLIVE EV 250ML MARASCA;100
4775;Vinaigre de cidre gallon 250ml Al Jazira;100
4779;BISCOTTES MAMA MIA BLE COMPLET 280G;100
4780;BISCOTTES MAMA MIA MULTI CEREALES 280G;100
4781;BISCOTTES MULTI CEREALES MAMA MIA 280G;100
4782;BISCOTTES MAMA MIA SANS SEL SANS SUCRES 280G;100
4784;CLIP POCKET SUPER PARFUME 9;100
4785;LILAS ULTRA DOUX CLASSIC;100
4786;DIST LILAS FRESQUE 250;100
4788;TROPICO 125 ML;100
4789;OH MANGUE 25CL;100
4790;FANTA CITRON 1 L;100
4791;BOGA MENTHE 1L;100
4792;RAOUA LIME GRENADINE 24CL;100
4795;CHORIZO CHAHIA 140G;100
4796;PEPPERONI CHAHIA 240G;100
4797;DELICE 48 PORTIONS;100
4798;SPORT CLEAR GEL TRIPLE AVTION;100
4800;BAD COLGATE ZIG ZAG MEDIUM;100
4801;COLGATE TOTAL;100
4802;COLG TRIP ACTION WHITE 75ML;100
4803;COLGATE MAX WHITE;100
4805;TAHITI VANILLE;100
4806;TAHITI YLANG YLANG;100
4808;ZUCKERFREI HAFER COOKIES 200G;100
4809;ZUCKERFREI WIEENER SANDRINGE 200G;100
4810;ZUCKERFREI VANILLE COOKIES 200G;100
4812;ZUCKERFREI HASELNUSS RINGE 200G;100
4813;ZUCKERFREI KOKOS COOKIES 200G;100
4815;ZUCKERFREI BUTTER COOKIES 200G;100
4816;SAVOIARDI 200G;100
4818;SAVOIARDI 400G;100
4819;CANTUCCINI;100
4820;ZUCKERFREI BUTTERKEKS 200G;100
4822;CAMPIELLO NOVELLINO;100
4823;Nutella p‰te ˆ tartiner 180GR (vrac);100
4824;CAFFE CREMA CLASSICA;100
4829;Couscous complet 1KG ƒpi d'Or;100
4830;Thon La Galite ˆ lÕhuile vŽgŽtale 400 g;100
4832;BISCUIT PRINCE VANILLE 130G;100
4834;FROMAGE EDAM 100G;100
4836;BOUTEILLE CREME LEGERE 20CL;100
4838;LAYS FROMAGE ET OIGNON 80GR;100
4839;CRUNCHIES HONEY BBQ;100
4841;CRUNCHIES BARBECUE;100
4842;CAKE DYARI;100
4845;20 PROTEGE-SLIPS PARFUME NANA;100
4848;Coude 1 Warda 500G;100
4850;PRESIDENT SIGNATURE;100
4851;CAROLIN PISTOLET CITRON 650ML;100
4852;DOUCHE&BAIN FELCE WHITE MUSK 650ML;100
4853;FELCE AZZURA DOUCHE ET LAIT AMBER ET ARGAN 650ML;100
4854;CAROLIN AU SAVON MARSEILLE HUILE DE LIN;100
4855;WC NET BLOC CUVETTE SOLIDE LIME FRESH;100
4856;SMAC NETTOYANT ARGENT 150ML;100
4858;NUTELLA 825G;100
4859;BELLAROM CAFE NOIR;100
4860;CAFE ROYAL;100
4861;WAW FRAISE PASTEQUE;100
4862;WAW CAFE;100
4864;LLILAS SHAMPOOING ANTI-PELLICULAIRE;100
4865;LILAS SHAMP REPARATEUR;100
4866;LILAS SHAMP PROTENE;100
4867;HOLLYWOOD 2FRUITY;100
4868;HALLOWEEN;100
4870;DOLCE CREME ZGOUGOU 100GR;100
4871;CREME DESSERT CHOCOLAT 100G VITALAIT;100
4872;CREME DESSERT NOISETTE VITALAIT 100G;100
4873;BIFI 0% CITRON;100
4874;RAIEB 420GR-VITALAIT-;100
4875;GRECOS FRAISE VITALAIT;100
4878;HAYET 0.75L;100
4879;DIST LOTUS CONFORT 150 ARABESQUE;100
4880;AIR FRESH RAYHANE 250ML;100
4881;SOTRA CLEAN 40X40;100
4883;PISTACHE VIPA;100
4884;GRAINES DE COURGE;100
4891;GOLDEN COFFEE CARAMEL 225G;100
4892;GOLDEN COFFEE CARAMEL CLASSIQUE 225G;100
4893;GOLDEN COFFEE SEPECULOOS 225G;100
4894;GOLDEN COFFEE NOISETTE 225G;100
4895;OREO ORIGINAL;
